﻿<?xml version="1.0" encoding="utf-8"?>
<deployment>
  <id>4f4efc43-f5ba-4d30-8513-bcba2c515680</id>
  <author>N/A</author>
  <deployer>Push-Deployer</deployer>
  <authorEmail>N/A</authorEmail>
  <message>Created via a push deployment</message>
  <progress></progress>
  <status>Success</status>
  <statusText></statusText>
  <lastSuccessEndTime>2026-02-02T02:18:18.3439622Z</lastSuccessEndTime>
  <receivedTime>2026-02-02T02:18:10.8155636Z</receivedTime>
  <startTime>2026-02-02T02:18:12.4098713Z</startTime>
  <endTime>2026-02-02T02:18:18.3439622Z</endTime>
  <complete>True</complete>
  <is_temp>False</is_temp>
  <is_readonly>True</is_readonly>
  <containerId>dbd5a7b82198</containerId>
  <buildSummary />
</deployment>