<step title="Incoming Request" date="2026-02-02T02:18:04.110" instance="cbdd36" url="/api/zipdeploy?isAsync=true" method="POST" type="request" pid="833,1,7" Accept="*/*" Host="trader-api-express.scm.azurewebsites.net" User-Agent="AZURECLI/2.71.0 (HOMEBREW)" Accept-Encoding="gzip, deflate" Authorization="Bas..." Cache-Control="no-cache" Content-Type="application/octet-stream" Content-Length="138674" x-ms-client-request-id="50456076-ffdd-11f0-9949-32d3b96130b1" x-ms-artifact-checksum="73c939df64a6297b579b2d1dcbf3f11e6d20c8cbed0c4ac0bf59145413e53040" X-ARR-LOG-ID="50456076-ffdd-11f0-9949-32d3b96130b1" CLIENT-IP="45.73.131.1:49954" X-SITE-DEPLOYMENT-ID="trader-api-express" WAS-DEFAULT-HOSTNAME="trader-api-express.scm.azurewebsites.net" X-Forwarded-Proto="https" X-AppService-Proto="https" X-Forwarded-TlsVersion="1.3" X-WAWS-Unencoded-URL="/api/zipdeploy?isAsync=true" X-Client-IP="45.73.131.1" X-Client-Port="49954" >
  <step title="ZipPushDeploy" date="2026-02-02T02:18:06.581" >
    <step title="ZipDeploy. Extract zip." date="2026-02-02T02:18:06.601" /><!-- duration: 19ms -->
    <step title="None repository commit" date="2026-02-02T02:18:06.627" >
      <step title="Commit id: 4f4efc43-f5ba-4d30-8513-bcba2c515680" date="2026-02-02T02:18:06.630" Message="N/A" AuthorName="N/A" AuthorEmail="N/A" /><!-- duration: 3ms -->
    </step><!-- duration: 9ms -->
    <step title="Starting PushDeployAsync" date="2026-02-02T02:18:06.641" /><!-- duration: 4ms -->
    <step title="Writing artifact to /tmp/zipdeploy/4c56f272-87f7-4d9d-b2f2-f94684b068fe.zip" date="2026-02-02T02:18:06.658" >
      <step title="Writing multipart request body to /tmp/zipdeploy/4c56f272-87f7-4d9d-b2f2-f94684b068fe.zip" date="2026-02-02T02:18:06.662" /><!-- duration: 3ms -->
    </step><!-- duration: 84ms -->
    <step title="Start deployment in the background" date="2026-02-02T02:18:06.800" >
      <step title="Acquiring Deployment Lock" date="2026-02-02T02:18:06.866" /><!-- duration: 4ms -->
      <step title="Acquired Deployment Lock" date="2026-02-02T02:18:07.011" /><!-- duration: 4ms -->
    </step><!-- duration: 336ms -->
  </step><!-- duration: 563ms -->
  <step title="Outgoing response" date="2026-02-02T02:18:07.169" type="response" statusCode="202" statusText="Accepted" /><!-- duration: 4ms -->
</step><!-- duration: 3067ms -->
