<step title="BackgroundTrace" date="2026-02-02T02:18:06.819" instance="cbdd36" url="/api/zipdeploy" method="POST" >
  <step title="Cleanup Xml Logs" date="2026-02-02T02:18:06.834" /><!-- duration: 8ms -->
  <step title="Creating temporary deployment - FetchDeploymentManager" date="2026-02-02T02:18:07.018" /><!-- duration: 4ms -->
  <step title="Creating temporary deployment" date="2026-02-02T02:18:07.026" /><!-- duration: 104ms -->
  <step title="Performing fetch based deployment" date="2026-02-02T02:18:07.236" >
    <step title="Cleaning up temp folders from previous zip deployments and extracting pushed zip file /tmp/zipdeploy/4c56f272-87f7-4d9d-b2f2-f94684b068fe.zip (0.13 MB) to /tmp/zipdeploy/extracted" date="2026-02-02T02:18:08.500" >
      <step title="ChmodRecursive Process exited with total time taken in ms: 98" date="2026-02-02T02:18:08.728" /><!-- duration: 19ms -->
    </step><!-- duration: 251ms -->
    <step title="Deployment timer started" date="2026-02-02T02:18:10.764" >
      <step title="DeploymentManager.Deploy(id:4f4efc43-f5ba-4d30-8513-bcba2c515680)" date="2026-02-02T02:18:10.770" >
        <step title="Collecting changeset information" date="2026-02-02T02:18:10.785" /><!-- duration: 90ms -->
        <step title="Updating submodules" date="2026-02-02T02:18:10.883" /><!-- duration: 1302ms -->
        <step title="Determining deployment builder" date="2026-02-02T02:18:12.478" >
          <step title="Builder is BasicBuilder" date="2026-02-02T02:18:12.488" /><!-- duration: 3ms -->
        </step><!-- duration: 17ms -->
        <step title="PreDeployment: context.CleanOutputPath False" date="2026-02-02T02:18:12.555" >
          <step title="PreDeployment: context.OutputPath /home/site/wwwroot" date="2026-02-02T02:18:12.764" >
            <step title="Building" date="2026-02-02T02:18:13.306" >
              <step title="Executing external process" date="2026-02-02T02:18:13.641" type="process" path="starter.sh" arguments="/opt/Kudu/Scripts/parallel_rsync.sh /tmp/zipdeploy/extracted /home/site/wwwroot 8 /tmp/ False True  " /><!-- duration: 3799ms -->
              <step title="Triggering recycle (preview mode disabled)." date="2026-02-02T02:18:17.798" /><!-- duration: 8ms -->
              <step title="Modified file to trigger a restart of the app container." date="2026-02-02T02:18:17.849" /><!-- duration: 4ms -->
              <step title="Skip function trigger and logicapp sync because function is not enabled." date="2026-02-02T02:18:17.858" /><!-- duration: 3ms -->
            </step><!-- duration: 5367ms -->
          </step><!-- duration: 5920ms -->
          <step title="Cleaning up temp files" date="2026-02-02T02:18:18.688" /><!-- duration: 13ms -->
          <step title="Cleaning up temp files" date="2026-02-02T02:18:18.712" /><!-- duration: 505ms -->
          <step title="Reloading status file with latest updates" date="2026-02-02T02:18:19.244" >
            <step title="WebHooksManager.PublishEventAsync: PostDeployment" date="2026-02-02T02:18:19.249" /><!-- duration: 141ms -->
          </step><!-- duration: 156ms -->
          <step title="Cleaning up temporary deployment - fetch deployment was successful" date="2026-02-02T02:18:19.412" /><!-- duration: 7ms -->
        </step><!-- duration: 6945ms -->
      </step><!-- duration: 8765ms -->
